id;name;title;sub_title;body;image_url;is_active;created_by;created_on;updated_by;updated_on
1;automatic;investment mad;joshingly;ick hmph;wheel drat;true;27698;2023-09-10;4561;2023-09-09
2;solicit printer yuck;neatly gosh;for;plus;ah yuck label;false;4004;2023-09-09;13307;2023-09-10
3;shocking amongst;throughout wherever;jump yahoo;agriculture;throughout before absent;true;21183;2023-09-10;29707;2023-09-09
4;some song;agitated versus;joyfully ew;on for unless;yuck hm;true;1773;2023-09-09;28231;2023-09-09
5;geez whereas plus;after;pesky biopsy;usually;pfft;false;30325;2023-09-10;893;2023-09-09
6;despite savior;firewall quarrelsomely;rev arrogantly;ick drat baggy;house ape hmph;false;19857;2023-09-09;16693;2023-09-09
7;other ick;huzzah by;impact;across busily;wooden impish;true;1587;2023-09-10;23807;2023-09-10
8;bran vacantly zowie;defiantly who stable;likely because;eek originality;excepting;true;13565;2023-09-09;31811;2023-09-09
9;total;costly;until yippee ease;ornate;rosin;true;5704;2023-09-09;28485;2023-09-10
10;personal readies;gah duh;minimum gadzooks;plastic questioningly paddle;minus sometimes hike;true;7955;2023-09-09;1985;2023-09-10
